{
	"pages": [
		 {
			  "path" : "pages/translation2/translation2",
		   
		    "style" : {}
		},
		
		{
			"path": "pages/list/list",
			"style": {}
		},
		{
			"path": "pages/detail/detail",
			"style": {}
		},
			
		{
			"path": "pages/ucenter/ucenter",
			"style": {
				"navigationBarTitleText": "个人中心"
			}
		}
	   
        ,{
            "path" : "pages/translation/translation",
            "style" : {}
        }
    ],
	"tabBar": {
		"color": "#000000",
		"selectedColor": "#2F85FC",
		"backgroundColor": "#FFFFFF",
		"borderStyle": "black",
		"list": [
			
			
			{
				"pagePath": "pages/translation2/translation2",
				"iconPath": "static/search.png",
				"selectedIconPath": "static/search-active.png",
				"text": "翻译"
			}, 
			{
			"pagePath": "pages/list/list",
			"iconPath": "static/paper.png",
			"selectedIconPath": "static/paper-active.png",
			"text": "资讯"
		}, 
		
		{
			"pagePath": "pages/ucenter/ucenter",
			"iconPath": "static/bookmark1.png",
			"selectedIconPath": "static/bookmark-active.png",
			"text": "我的"
		}]
	},
	"globalStyle": {
		"navigationBarTextStyle": "white",
		"navigationBarTitleText": "蓝道翻译",
		"navigationBarBackgroundColor": "#2F85FC",
		"backgroundColor": "#FFFFFF"
	}
}
